"c#","1","1","6063","277901"
"java","2","2","4251","219254"
"php","3","3","3993","202304"
"javascript","4","4","3248","186792"
"iphone","5","7","2817","124468"
"jquery","6","5","2816","161533"
"-net","7","10","2526","109971"
"asp-net","8","9","2522","114440"
"c++","9","8","2441","115226"
"python","10","11","2045","97763"
"mysql","11","12","1667","86374"
"android","12","6","1631","155511"
"sql","13","15","1445","73155"
"html","14","13","1443","84135"
"ruby-on-rails","15","16","1328","66889"
"objective-c","16","14","1306","75856"
"c","17","18","1212","53855"
"css","18","17","1139","65413"
"wpf","19","20","983","41911"
"asp-net-mvc","20","26","923","32207"
"sql-server","21","22","891","41472"
"ruby","22","21","790","41585"
"xml","23","23","736","37512"
"database","24","27","676","32023"
"ajax","25","24","642","34092"
"windows","26","28","628","30309"
"django","27","29","602","29595"
"regex","28","25","598","32891"
"silverlight","29","43","544","19780"
"winforms","30","35","517","23134"
"visual-studio","31","42","515","19984"
"vb-net","32","31","510","27234"
"visual-studio-2010","33","45","498","18915"
"arrays","34","32","496","25751"
"multithreading","35","38","484","21880"
"linux","36","30","474","27723"
"cocoa","37","55","459","17208"
"performance","39","44","437","19747"
"flex","38","57","437","16637"
"string","40","39","435","21372"
"algorithm","41","53","425","17718"
"wcf","42","41","416","20116"
"eclipse","43","34","410","23250"
"web-development","44","52","393","17721"
"linq","45","47","382","18301"
"flash","46","51","380","17821"
"actionscript-3","47","50","356","17855"
"cocoa-touch","48","46","350","18332"
"osx","49","48","347","18284"
"web-services","50","49","344","17860"
"xcode","51","33","344","25689"
"ipad","52","60","338","15956"
"oop","53","79","338","12195"
"sql-server-2005","54","74","332","12636"
"homework","55","61","326","15530"
"visual-studio-2008","56","80","325","12113"
"json","57","40","314","20695"
"forms","58","59","310","16105"
"security","60","67","308","13906"
"image","59","54","308","17586"
"perl","61","56","297","16850"
"unit-testing","62","81","292","12048"
"hibernate","63","68","290","13904"
"asp-net-mvc-2","64","133","287","7746"
"delphi","65","66","282","13969"
"oracle","66","58","276","16174"
"mvc","67","72","274","12974"
"nhibernate","68","92","270","10745"
"tsql","69","75","268","12573"
"facebook","70","37","264","22583"
"sql-server-2008","71","63","262","14162"
"entity-framework","72","73","251","12720"
"file","73","78","248","12269"
"linq-to-sql","74","112","247","8700"
"qt","75","87","246","11398"
"internet-explorer","76","83","245","11855"
"google-app-engine","77","101","245","9999"
"git","78","62","243","14250"
"wordpress","79","69","240","13777"
"winapi","81","89","240","10790"
"svn","80","86","240","11434"
"spring","82","65","238","13989"
"query","83","70","237","13394"
"apache","84","64","233","14160"
"drupal","85","114","233","8660"
"api","86","84","232","11642"
"swing","87","71","227","13019"
"function","88","106","226","9357"
"events","89","102","223","9710"
"validation","90","93","221","10654"
"debugging","91","82","220","11885"
"parsing","92","98","220","10037"
"templates","93","108","218","9104"
"class","94","100","217","10011"
"excel","95","77","216","12293"
"sqlite","96","88","214","11244"
"jquery-ui","97","85","210","11572"
"sockets","99","103","209","9603"
"matlab","98","125","209","8054"
"email","100","104","208","9562"
"caching","101","137","205","7647"
"visual-c++","102","118","203","8311"
"http","103","96","203","10193"
"list","104","99","201","10031"
"design","105","116","200","8448"
"firefox","106","119","199","8301"
"ms-access","107","139","197","7557"
"exception","108","127","196","7957"
"postgresql","109","113","194","8667"
"uitableview","110","111","194","8807"
"generics","111","122","192","8165"
"gui","112","128","190","7931"
"xslt","113","141","190","7429"
"database-design","114","138","188","7616"
"sharepoint","115","97","188","10066"
"bash","116","91","187","10758"
"php5","118","94","185","10503"
"math","117","136","185","7680"
"zend-framework","119","95","183","10200"
"datetime","121","145","178","7295"
"design-patterns","120","126","178","7961"
"google-maps","122","123","177","8160"
"silverlight-4-0","123","239","173","4755"
"jsf","124","129","172","7906"
"scala","125","124","170","8124"
"dom","126","143","165","7368"
"cakephp","127","130","163","7797"
"unix","128","134","161","7717"
"session","129","120","159","8247"
"optimization","130","155","159","6906"
"grails","131","173","158","6375"
"orm","132","230","158","4943"
"maven-2","134","274","157","4128"
"codeigniter","133","110","157","9036"
"url","135","121","156","8178"
"vba","136","149","155","7134"
"-net-4-0","137","251","154","4523"
"sorting","139","151","147","7076"
"html5","138","76","147","12507"
"jpa","140","197","146","5707"
"data-binding","141","163","145","6774"
"xaml","142","115","145","8510"
"search","145","144","144","7360"
"jsp","143","109","144","9098"
"activerecord","144","178","144","6270"
"stored-procedures","146","191","143","5919"
"web-applications","148","159","142","6839"
"testing","147","142","142","7422"
"iis","151","131","141","7768"
"r","149","90","141","10770"
"object","150","176","141","6310"
"authentication","152","146","140","7267"
"serialization","153","179","139","6268"
"iphone-sdk-3-0","154","376","139","2930"
"gwt","155","135","138","7710"
"shell","158","117","137","8339"
"pdf","157","158","137","6846"
"gcc","156","189","137","5968"
"blackberry","159","192","136","5867"
"core-data","160","167","136","6555"
"inheritance","162","169","134","6527"
"-net-3-5","161","269","134","4184"
"game-development","163","165","133","6618"
"select","165","193","133","5841"
"reflection","164","190","133","5955"
"graphics","166","225","132","5084"
"binding","168","224","131","5098"
"boost","167","207","131","5461"
"memory","169","166","130","6565"
"plugins","170","194","128","5802"
"table","172","140","128","7451"
"latex","171","505","128","2208"
"deployment","173","205","127","5469"
"audio","175","170","126","6434"
"networking","174","152","126","7043"
"variables","176","148","126","7136"
"architecture","177","216","125","5265"
"servlets","178","186","125","6107"
"date","180","177","125","6309"
"java-ee","179","147","125","7139"
"dll","181","211","123","5424"
"tomcat","182","161","123","6807"
"haskell","184","187","122","6069"
"-htaccess","183","105","122","9399"
"xhtml","185","285","121","3920"
"listview","187","132","120","7751"
"mod-rewrite","186","174","120","6365"
"language-agnostic","188","217","118","5264"
"dynamic","190","202","118","5550"
"f#","189","332","118","3285"
"opengl","194","171","117","6433"
"google","192","160","117","6821"
"emacs","191","241","117","4702"
"frameworks","193","267","117","4192"
"google-chrome","195","157","116","6849"
"jquery-plugins","196","196","116","5712"
"animation","197","180","115","6232"
"collections","198","250","115","4534"
"mvvm","199","232","115","4884"
"pointers","200","183","114","6170"
"version-control","201","200","114","5613"
"memory-management","202","188","113","6014"
"browser","203","201","112","5580"
"com","204","249","112","4540"
"server","205","168","110","6528"
"library","206","209","109","5429"
"assembly","207","243","108","4644"
"encryption","208","215","108","5290"
"logging","210","220","107","5141"
"jdbc","211","261","107","4382"
"video","209","195","107","5741"
"windows-7","212","233","106","4878"
"data","214","259","105","4431"
"interface","213","283","105","3950"
"symfony","215","301","105","3662"
"datagrid","216","270","104","4172"
"rest","217","150","104","7077"
"layout","220","181","102","6182"
"netbeans","219","218","102","5262"
"django-models","218","278","102","4057"
"scripting","221","248","102","4558"
"ant","223","254","101","4480"
"mercurial","222","293","101","3735"
"user-interface","225","221","100","5129"
"button","226","203","100","5534"
"cookies","224","208","100","5439"
"data-structures","227","228","99","5041"
"types","229","252","99","4510"
"configuration","228","264","99","4338"
"post","231","198","97","5680"
"programming-languages","232","324","97","3399"
"vb","230","485","97","2293"
"usercontrols","236","299","96","3677"
"utf-8","238","300","96","3674"
"reference","234","307","96","3537"
"iframe","237","204","96","5525"
"jquery-ajax","233","164","96","6638"
"soap","235","214","96","5302"
"file-io","240","256","95","4454"
"syntax","239","266","95","4251"
"service","243","242","94","4681"
"gridview","242","199","94","5657"
"drupal-6","241","354","94","3091"
"qt4","244","427","91","2656"
"iis7","246","244","91","4612"
"actionscript","245","226","91","5054"
"reporting-services","247","275","90","4069"
"encoding","248","255","90","4476"
"update","249","265","89","4336"
"graph","250","297","89","3696"
"asynchronous","252","280","88","4025"
"text","253","222","88","5125"
"loops","254","206","88","5468"
"vim","251","182","88","6173"
"unicode","256","247","87","4565"
"javascript-events","255","235","87","4834"
"twitter","258","253","87","4500"
"concurrency","257","298","87","3692"
"dictionary","259","313","87","3484"
"open-source","263","308","86","3525"
"memory-leaks","261","286","86","3910"
"redirect","262","223","86","5125"
"ubuntu","265","227","86","5053"
"application","264","185","86","6156"
"silverlight-3-0","260","718","86","1488"
"java-me","266","272","85","4153"
"exception-handling","267","288","85","3811"
"recursion","270","291","85","3759"
"tfs","269","317","85","3462"
"c#-3-0","268","497","85","2245"
"module","273","370","84","2975"
"coding-style","271","273","84","4129"
"join","274","229","84","5013"
"ssl","272","237","84","4815"
"xpath","278","234","83","4838"
"jquery-selectors","276","314","83","3482"
"random","275","292","83","3747"
"methods","277","287","83","3866"
"c#-4-0","279","153","82","6943"
"image-processing","282","219","81","5250"
"error-handling","281","357","81","3063"
"internet-explorer-8","283","333","81","3278"
"casting","280","337","81","3243"
"website","284","353","80","3101"
"div","286","213","80","5372"
"csv","287","276","80","4065"
"printing","285","277","80","4060"
"command-line","289","260","79","4401"
"groovy","288","290","79","3780"
"uinavigationcontroller","291","374","78","2937"
"asp-classic","290","282","78","3972"
"powershell","292","238","78","4808"
"curl","295","258","77","4447"
"opengl-es","294","263","77","4338"
"ado-net","293","294","77","3723"
"flex3","296","492","77","2263"
"uitableviewcell","299","296","76","3712"
"ide","302","320","76","3436"
"vb6","301","309","76","3520"
"msbuild","297","329","76","3317"
"upload","300","358","76","3062"
"stl","298","281","76","3977"
"uiview","303","271","76","4164"
"magento","305","154","75","6922"
"parameters","306","330","75","3302"
"time","304","295","75","3713"
"mfc","309","306","74","3569"
"internationalization","308","361","74","3052"
"compiler","307","245","74","4605"
"resources","310","326","73","3341"
"struct","311","418","73","2696"
"macros","312","359","72","3057"
"coldfusion","313","312","72","3491"
"textbox","314","393","71","2812"
"header","316","395","71","2803"
"spring-mvc","315","231","71","4915"
"hash","317","303","70","3628"
"localization","321","315","70","3473"
"input","318","319","70","3441"
"interface-builder","322","484","70","2300"
"windows-mobile","319","444","70","2504"
"visual-studio-2005","320","461","70","2407"
"dropdownlist","323","447","69","2490"
"vector","325","327","69","3336"
"books","324","419","69","2694"
"clojure","327","404","68","2770"
"namespaces","328","407","68","2761"
"constructor","329","366","68","3009"
"model","326","339","68","3222"
"air","333","323","67","3406"
"tcp","332","316","67","3462"
"plsql","331","378","67","2922"
"junit","334","399","67","2796"
"ssis","337","414","67","2710"
"functional-programming","336","442","67","2511"
"merge","335","438","67","2556"
"gtk","330","595","67","1845"
"interop","341","464","66","2388"
"rubygems","344","416","66","2707"
"attributes","338","373","66","2952"
"triggers","343","383","66","2881"
"static","340","344","66","3181"
"fluent-nhibernate","345","345","66","3165"
"oauth","342","341","66","3204"
"transactions","339","342","66","3198"
"login","347","304","65","3626"
"path","346","387","65","2867"
"routing","356","380","64","2888"
"lambda","351","396","64","2801"
"combobox","352","367","64","3007"
"import","353","368","64","2994"
"process","349","325","64","3353"
"dependency-injection","348","335","64","3256"
"file-upload","354","236","64","4817"
"mongodb","350","175","64","6338"
"lua","355","566","64","1938"
"delegates","357","365","63","3012"
"rss","359","423","63","2681"
"doctrine","358","460","63","2408"
"lucene","362","439","63","2555"
"synchronization","361","483","63","2300"
"replace","360","463","63","2388"
"callback","365","437","62","2557"
"map","363","328","62","3326"
"canvas","364","279","62","4044"
"selenium","366","310","61","3502"
"documentation","370","389","61","2854"
"installer","367","466","61","2380"
"compact-framework","368","568","61","1937"
"g++","369","651","61","1676"
"cryptography","378","522","60","2129"
"asp-net-ajax","375","434","60","2574"
"webkit","377","435","60","2565"
"windows-services","376","369","60","2982"
"delete","372","415","60","2709"
"sharepoint2007","373","401","60","2785"
"ftp","374","413","60","2726"
"checkbox","371","355","60","3069"
"jqgrid","384","311","59","3497"
"permissions","381","363","59","3039"
"jar","383","394","59","2804"
"proxy","380","381","59","2884"
"linq-to-entities","382","440","59","2554"
"controller","379","472","59","2360"
"controls","385","521","58","2130"
"crystal-reports","388","364","58","3025"
"hyperlink","389","406","58","2762"
"uiviewcontroller","386","346","58","3145"
"prototypejs","387","613","58","1798"
"uiwebview","396","347","57","3138"
"joomla","392","336","57","3256"
"cms","395","409","57","2736"
"properties","391","371","57","2974"
"datatable","393","468","57","2376"
"refactoring","390","459","57","2408"
"web-config","394","465","57","2381"
"stream","397","450","57","2455"
"wpf-controls","403","531","56","2104"
"django-admin","398","524","56","2128"
"paypal","400","512","56","2169"
"compilation","404","392","56","2812"
"fonts","405","350","56","3125"
"entity-framework-4","399","257","56","4454"
"tortoisesvn","402","565","56","1940"
"uml","401","706","56","1511"
"dependencies","410","617","55","1794"
"view","411","262","55","4343"
"ruby-on-rails-3","409","36","55","22823"
"menu","413","340","55","3213"
"multidimensional-array","414","384","55","2880"
"count","412","513","55","2166"
"matrix","407","443","55","2505"
"download","415","476","55","2339"
"uikit","408","477","55","2334"
"cross-browser","406","486","55","2292"
"3d","422","441","54","2518"
"garbage-collection","416","452","54","2441"
"user","425","561","54","1957"
"safari","419","382","54","2882"
"charts","424","388","54","2854"
"eclipse-plugin","423","408","54","2760"
"webforms","420","398","54","2798"
"insert","421","424","54","2673"
"autocomplete","417","343","54","3190"
"vbscript","418","356","54","3066"
"character-encoding","432","338","53","3237"
"sdk","428","318","53","3444"
"drag-and-drop","426","428","53","2655"
"enums","430","377","53","2923"
"annotations","429","491","53","2263"
"formatting","431","453","53","2441"
"mobile","427","212","53","5392"
"extjs","438","240","52","4732"
"null","433","482","52","2304"
"django-forms","437","523","52","2129"
"locking","434","534","52","2071"
"dojo","439","422","52","2688"
"linker","435","425","52","2672"
"datagridview","436","321","52","3427"
"colors","441","351","52","3116"
"singleton","440","621","52","1789"
"find","445","690","51","1566"
"build","444","331","51","3291"
"windows-xp","448","533","51","2091"
"scrolling","443","545","51","2010"
"xml-serialization","442","520","51","2135"
"licensing","447","498","51","2226"
"listbox","446","432","51","2617"
"mono","451","431","50","2621"
"internet-explorer-7","453","456","50","2427"
"tags","455","449","50","2459"
"filesystems","454","490","50","2264"
"applet","452","471","50","2367"
"activity","450","289","50","3790"
"geometry","449","662","50","1650"
"x86","463","653","49","1665"
"assemblies","467","647","49","1683"
"asp-net-membership","456","624","49","1782"
"statistics","465","586","49","1885"
"embedded","459","596","49","1844"
"naming-conventions","468","712","49","1501"
"url-rewriting","464","362","49","3045"
"excel-vba","462","417","49","2706"
"sqlite3","460","397","49","2799"
"console","466","469","49","2370"
"seo","457","467","49","2377"
"network-programming","458","462","49","2404"
"full-text-search","461","555","49","1980"
"makefile","470","517","48","2144"
"include","473","502","48","2215"
"nsstring","469","480","48","2319"
"dialog","471","412","48","2726"
"timezone","472","618","48","1793"
"linux-kernel","474","608","48","1810"
"memcached","477","680","47","1593"
"facebook-connect","479","403","47","2773"
"crash","478","474","47","2353"
"active-directory","475","436","47","2563"
"maven","476","210","47","5427"
"geolocation","480","501","46","2219"
"flex4","483","411","46","2730"
"struts2","482","426","46","2670"
"nunit","484","606","46","1814"
"comparison","481","578","46","1913"
"drawing","491","634","45","1732"
"c++0x","487","871","45","1179"
"background","490","402","45","2784"
"filter","488","385","45","2877"
"django-templates","489","542","45","2015"
"tree","485","455","45","2433"
"keyboard","486","451","45","2453"
"treeview","495","479","44","2320"
"interview-questions","498","504","44","2209"
"load","492","511","44","2176"
"timer","499","386","44","2872"
"solr","494","390","44","2842"
"tools","496","372","44","2972"
"msword","500","567","44","1938"
"resize","497","580","44","1901"
"foreign-keys","493","644","44","1693"
"numbers","511","640","43","1711"
"copy","501","650","43","1676"
"tutorials","507","588","43","1883"
"compiler-errors","502","577","43","1916"
"c++-cli","509","591","43","1871"
"connection","504","593","43","1862"
"operator-overloading","506","784","43","1367"
"https","505","348","43","3131"
"uibutton","508","550","43","1997"
"mocking","512","553","43","1984"
"jvm","510","569","43","1936"
"sharepoint2010","503","268","43","4187"
"installation","529","554","42","1983"
"httpwebrequest","525","540","42","2034"
"calendar","515","481","42","2307"
"xsd","520","478","42","2331"
"event-handling","517","400","42","2788"
"floating-point","521","734","42","1460"
"memory-allocation","522","739","42","1450"
"nhibernate-mapping","523","761","42","1406"
"form-validation","527","773","42","1388"
"code-generation","514","776","42","1381"
"group-by","518","592","42","1870"
"migration","530","585","42","1886"
"adobe","526","612","42","1799"
"compression","524","623","42","1783"
"workflow","513","643","42","1695"
"components","519","666","42","1639"
"datepicker","516","673","42","1618"
"internet-explorer-6","528","676","42","1607"
"stack","534","699","41","1531"
"64bit","540","645","41","1690"
"streaming","539","607","41","1813"
"focus","544","599","41","1831"
"ssh","535","430","41","2625"
"batch","532","375","41","2935"
"batch-file","531","458","41","2414"
"iterator","543","537","41","2045"
"popup","541","552","41","1988"
"index","536","562","41","1956"
"navigation","537","509","41","2182"
"oracle10g","542","514","41","2154"
"sed","538","515","41","2153"
"wsdl","533","519","41","2140"
"pagination","551","570","40","1935"
"timeout","548","579","40","1912"
"split","549","629","40","1755"
"log4j","545","633","40","1736"
"runtime","550","700","40","1527"
"clr","546","789","40","1355"
"ejb-3-0","547","909","40","1123"
"windows-ce","552","930","40","1098"
"applescript","563","802","39","1329"
"web-design","553","746","39","1443"
"phpmyadmin","562","681","39","1592"
"xmlhttprequest","559","632","39","1743"
"views","554","619","39","1790"
"-net-2-0","558","602","39","1823"
"gdb","564","590","39","1873"
"dataset","555","541","39","2028"
"scope","565","539","39","2037"
"jaxb","560","543","39","2012"
"extension","556","530","39","2108"
"xna","566","454","39","2435"
"android-emulator","557","379","39","2907"
"jboss","561","349","39","3131"
"for-loop","582","420","38","2694"
"uiscrollview","574","410","38","2736"
"github","576","470","38","2368"
"binary","577","487","38","2289"
"erlang","570","507","38","2203"
"tfs2010","575","581","38","1896"
"uitabbarcontroller","569","635","38","1729"
"registry","571","626","38","1771"
"plot","580","697","38","1534"
"jquery-validate","572","646","38","1690"
"domain-driven-design","578","671","38","1628"
"build-process","579","774","38","1382"
"textarea","581","723","38","1481"
"branch","567","813","38","1292"
"reporting","568","801","38","1330"
"resharper","583","835","38","1244"
"screen-scraping","573","874","38","1175"
"metaprogramming","597","890","37","1156"
"kohana","593","925","37","1101"
"keyboard-shortcuts","592","839","37","1226"
"display","585","795","37","1344"
"preprocessor","607","812","37","1292"
"linked-list","591","731","37","1461"
"output","587","744","37","1444"
"odbc","605","669","37","1631"
"linq-to-xml","590","658","37","1658"
"make","598","642","37","1699"
"zip","604","703","37","1523"
"custom-controls","596","708","37","1509"
"project-management","603","688","37","1578"
"mootools","600","684","37","1585"
"sql-server-2000","601","685","37","1585"
"directory","594","583","37","1887"
"wix","606","587","37","1884"
"escaping","586","603","37","1818"
"passwords","602","525","37","2119"
"cocos2d-iphone","599","473","37","2356"
"foreach","595","475","37","2345"
"bitmap","584","446","37","2498"
"tabs","588","421","37","2689"
"android-intent","589","352","37","3105"
"if-statement","614","334","36","3275"
"tdd","609","559","36","1972"
"nosql","620","600","36","1827"
"mapping","619","614","36","1798"
"cygwin","613","709","36","1508"
"sqlalchemy","615","710","36","1506"
"profiling","608","654","36","1664"
"schema","617","672","36","1621"
"client-server","610","775","36","1382"
"ios-simulator","612","792","36","1349"
"swt","618","787","36","1363"
"gdi+","616","922","36","1105"
"intellisense","611","1065","36","929"
"terminology","625","1087","35","907"
"jax-ws","630","935","35","1091"
"query-string","628","955","35","1060"
"associations","635","785","35","1366"
"wmi","637","853","35","1208"
"source-code","626","823","35","1277"
"css-selectors","632","828","35","1261"
"persistence","629","715","35","1494"
"directx","631","716","35","1494"
"wxpython","633","667","35","1635"
"repository","636","665","35","1641"
"activex","627","686","35","1579"
"ldap","623","601","35","1825"
"iis6","622","574","35","1923"
"cron","624","571","35","1935"
"error-message","621","448","35","2473"
"uiimageview","634","489","35","2278"
"get","639","510","34","2179"
"ffmpeg","643","611","34","1803"
"cursor","649","638","34","1718"
"cross-platform","644","639","34","1713"
"struts","640","677","34","1604"
"richfaces","645","664","34","1643"
"initialization","641","649","34","1682"
"many-to-many","653","696","34","1534"
"cgi","652","735","34","1459"
"couchdb","642","757","34","1418"
"property","646","833","34","1247"
"warnings","638","854","34","1206"
"nlp","651","855","34","1204"
"entity","650","816","34","1287"
"metadata","648","913","34","1119"
"seam","647","1009","34","983"
"c#-2-0","669","918","33","1109"
"machine-learning","660","897","33","1142"
"postback","663","852","33","1208"
"vsto","655","791","33","1352"
"segmentation-fault","670","820","33","1282"
"cross-domain","656","772","33","1390"
"updatepanel","666","732","33","1460"
"scheme","659","717","33","1493"
"webbrowser","662","655","33","1662"
"domain","661","663","33","1649"
"sms","668","582","33","1895"
"bluetooth","665","526","33","2118"
"outlook","671","518","33","2142"
"editor","664","547","33","2009"
"automation","667","499","33","2226"
"indexing","654","493","33","2259"
"windows-phone-7","658","107","33","9151"
"delphi-2010","657","1154","33","847"
"float","679","500","32","2223"
"android-widget","675","433","32","2602"
"cocos2d","681","558","32","1973"
"spring-security","673","556","32","1978"
"grid","684","528","32","2112"
"operating-system","687","529","32","2110"
"routes","672","594","32","1847"
"xml-schema","682","636","32","1725"
"continuous-integration","686","620","32","1790"
"window","685","615","32","1797"
"core-animation","678","660","32","1654"
"command","683","704","32","1518"
"refresh","677","827","32","1262"
"artificial-intelligence","676","841","32","1220"
"sql-server-ce","680","807","32","1315"
"hook","674","877","32","1173"
"orientation","697","878","31","1170"
"windows-installer","702","886","31","1160"
"xss","690","1000","31","999"
"diff","688","825","31","1273"
"radio-button","691","748","31","1442"
"timestamp","689","740","31","1449"
"msi","701","741","31","1446"
"swf","695","753","31","1432"
"remote","696","679","31","1598"
"themes","693","691","31","1555"
"python-3-x","700","575","31","1922"
"smtp","698","576","31","1921"
"arraylist","694","516","31","2149"
"uiimage","699","557","31","1977"
"numpy","692","495","31","2249"
"telerik","710","548","30","2008"
"opencv","716","284","30","3944"
"intellij-idea","705","597","30","1841"
"comments","706","693","30","1544"
"openid","704","675","30","1610"
"client","720","683","30","1589"
"size","719","695","30","1541"
"jtable","715","760","30","1408"
"value","707","736","30","1453"
"operators","714","737","30","1453"
"grep","708","728","30","1471"
"websphere","703","821","30","1280"
"rendering","721","822","30","1278"
"gae-datastore","711","842","30","1218"
"jetty","717","848","30","1215"
"rake","718","793","30","1347"
"override","712","887","30","1159"
"plist","713","901","30","1132"
"global-variables","709","903","30","1127"
"project","733","902","29","1128"
"html-parsing","723","864","29","1189"
"master-pages","727","872","29","1178"
"bytearray","731","968","29","1036"
"primary-key","726","989","29","1015"
"elisp","732","1012","29","979"
"mysqli","734","804","29","1318"
"progressbar","725","805","29","1318"
"settings","730","817","29","1284"
"firebug","740","826","29","1272"
"request","729","721","29","1483"
"page","741","738","29","1453"
"dns","737","733","29","1460"
"jasper-reports","724","730","29","1466"
"uitextfield","722","698","29","1533"
"pthreads","735","701","29","1527"
"control","736","702","29","1525"
"hudson","728","659","29","1656"
"twitter-api","742","641","29","1710"
"apache2","739","538","29","2040"
"svg","738","496","29","2249"
"azure","752","391","28","2829"
"css3","749","246","28","4589"
"read","747","783","28","1368"
"openssl","750","724","28","1480"
"webserver","755","725","28","1478"
"query-optimization","751","840","28","1223"
"computer-science","745","1017","28","973"
"gd","754","999","28","999"
"connection-string","753","966","28","1037"
"exec","744","981","28","1026"
"log4net","743","888","28","1157"
"conditional","756","907","28","1123"
"setup","748","924","28","1103"
"rsa","746","1146","28","851"
"mapkit","770","920","27","1107"
"embed","758","906","27","1124"
"compare","777","899","27","1136"
"malloc","772","891","27","1154"
"ms-office","771","870","27","1181"
"cloud","763","876","27","1173"
"2d","761","867","27","1184"
"virtual","774","982","27","1024"
"uri","779","967","27","1037"
"double","759","929","27","1098"
"search-engine","762","1010","27","982"
"cruisecontrol-net","760","1033","27","954"
"mouse","757","843","27","1218"
"order-by","778","844","27","1217"
"windows-server-2008","781","814","27","1289"
"slider","769","749","27","1439"
"polymorphism","780","766","27","1400"
"gmail","775","674","27","1612"
"onclick","765","604","27","1817"
"click","776","610","27","1808"
"lisp","764","625","27","1778"
"google-maps-api-3","768","360","27","3054"
"firefox-addon","773","572","27","1933"
"youtube","766","503","27","2215"
"gps","767","527","27","2118"
"amazon-s3","801","532","26","2094"
"glassfish","797","573","26","1925"
"thread-safety","786","563","26","1956"
"amazon-ec2","783","564","26","1945"
"google-chrome-extension","790","488","26","2285"
"jsf-2-0","791","305","26","3570"
"terminal","807","622","26","1786"
"udp","787","668","26","1632"
"styles","810","670","26","1629"
"png","806","707","26","1510"
"usb","798","711","26","1504"
"tinymce","800","687","26","1579"
"serial-port","788","759","26","1411"
"video-streaming","795","765","26","1401"
"nsarray","809","755","26","1424"
"certificate","808","729","26","1469"
"db2","803","727","26","1473"
"windows-vista","804","719","26","1487"
"format","796","713","26","1497"
"inversion-of-control","793","806","26","1316"
"backup","782","800","26","1338"
"hex","792","837","26","1235"
"mef","811","1038","26","952"
"greasemonkey","802","1102","26","893"
"ienumerable","799","1077","26","919"
"enterprise-library","805","1112","26","878"
"uinavigationbar","785","992","26","1004"
"closures","794","866","26","1184"
"webbrowser-control","784","869","26","1182"
"abstract-class","789","1153","26","848"
"symbian","814","1184","25","822"
"pinvoke","812","875","25","1174"
"logic","813","880","25","1169"
"gzip","833","896","25","1143"
"const","827","990","25","1010"
"heap","826","973","25","1034"
"yui","820","942","25","1076"
"hql","818","946","25","1073"
"type-conversion","829","1124","25","864"
"http-status-code-404","830","1061","25","932"
"mp3","821","808","25","1310"
"integer","819","714","25","1497"
"location","824","722","25","1482"
"hosting","822","726","25","1478"
"pyqt","825","750","25","1438"
"language","817","763","25","1402"
"imagemagick","828","768","25","1392"
"authorization","823","777","25","1380"
"pdo","834","627","25","1762"
"rspec","816","429","25","2641"
"heroku","815","405","25","2764"
"http-headers","831","560","25","1957"
"apple","832","535","25","2050"
"camera","835","536","25","2046"
"hadoop","853","549","24","2007"
"ios","857","19","24","51057"
"forms-authentication","846","758","24","1413"
"rotation","855","798","24","1342"
"remove","847","794","24","1347"
"fullcalendar","848","1058","24","934"
"translation","843","1032","24","955"
"constants","849","1011","24","982"
"datasource","850","1093","24","901"
"system","854","934","24","1091"
"arm","839","936","24","1084"
"integration","838","931","24","1095"
"ms-access-2007","851","954","24","1060"
"url-routing","858","960","24","1043"
"preg-match","837","974","24","1032"
"software-engineering","836","983","24","1023"
"jsonp","841","993","24","1003"
"extension-methods","844","919","24","1109"
"content","852","889","24","1157"
"asmx","842","883","24","1164"
"castle-windsor","840","862","24","1194"
"selectors","856","1142","24","854"
"cvs","845","1155","24","846"
"columns","876","1166","23","841"
"workflow-foundation-4","879","1175","23","832"
"datatemplate","868","1187","23","819"
"pyqt4","864","1209","23","801"
"phpunit","859","885","23","1160"
"boolean","875","977","23","1029"
"unity","871","948","23","1071"
"osx-snow-leopard","877","939","23","1083"
"driver","874","1091","23","903"
"uitableviewcontroller","860","1015","23","977"
"viewmodel","873","1051","23","939"
"ajaxcontroltoolkit","878","1054","23","937"
"decimal","862","1057","23","934"
"scalability","870","1064","23","930"
"preg-replace","863","830","23","1257"
"xmpp","869","831","23","1255"
"set","867","849","23","1212"
"queue","861","742","23","1446"
"widget","865","628","23","1756"
"hover","866","682","23","1591"
"webview","872","445","23","2499"
"io","890","457","22","2416"
"e-commerce","895","720","22","1487"
"nested","885","754","22","1426"
"cucumber","899","747","22","1442"
"dropdown","896","771","22","1390"
"scrollbar","882","845","22","1217"
"file-download","883","1002","22","993"
"storage","884","1020","22","971"
"itunes","893","1097","22","897"
"iteration","891","1099","22","895"
"nsurlconnection","898","1083","22","913"
"package","886","972","22","1034"
"richtextbox","892","985","22","1023"
"contextmenu","887","898","22","1138"
"prism","897","908","22","1123"
"mobile-safari","894","917","22","1111"
"key","889","865","22","1187"
"lightbox","881","1194","22","813"
"loading","880","1186","22","819"
"eval","888","1141","22","854"
"filtering","904","1170","21","835"
"haml","907","1171","21","834"
"sybase","923","1165","21","842"
"newline","910","1161","21","845"
"free","912","1193","21","814"
"ckeditor","900","911","21","1119"
"int","915","928","21","1098"
"duplicates","906","971","21","1035"
"chat","921","963","21","1041"
"syntax-highlighting","924","1072","21","925"
"union","917","1125","21","863"
"drupal-views","905","1126","21","862"
"real-time","909","1113","21","877"
"javabeans","922","1110","21","884"
"nsdictionary","908","1022","21","967"
"weblogic","916","858","21","1201"
"clickonce","913","836","21","1236"
"sinatra","902","824","21","1274"
"install","919","786","21","1366"
"core-graphics","901","770","21","1391"
"amazon-web-services","903","661","21","1653"
"google-analytics","914","609","21","1809"
"android-ndk","911","598","21","1832"
"notifications","920","551","21","1996"
"facebook-graph-api","918","172","21","6428"
"node-js","951","162","20","6807"
"icons","935","616","20","1795"
"jni","934","656","20","1661"
"appstore","952","657","20","1658"
"nsmutablearray","926","652","20","1674"
"hide","930","1019","20","972"
"md5","939","1026","20","961"
"cassandra","928","1028","20","959"
"app-config","945","1070","20","927"
"standards","942","1071","20","926"
"moq","948","1037","20","952"
"hashtable","956","1039","20","951"
"ironpython","929","1119","20","872"
"coordinates","933","1133","20","857"
"mstest","949","1138","20","855"
"lazy-loading","941","1073","20","924"
"accessibility","947","1081","20","913"
"clone","954","1082","20","913"
"integration-testing","940","1094","20","900"
"backgroundworker","937","1088","20","906"
"jruby","955","957","20","1054"
"excel-2007","938","940","20","1081"
"append","932","947","20","1072"
"transparency","927","938","20","1083"
"fortran","946","997","20","1001"
"arguments","953","926","20","1101"
"action","936","910","20","1120"
"tooltip","943","905","20","1124"
"ip-address","925","1177","20","829"
"structure","950","1160","20","845"
"repository-pattern","944","1157","20","846"
"aes","931","1145","20","851"
"parallel","965","1140","19","854"
"classloader","968","1182","19","824"
"mapreduce","978","904","19","1125"
"gallery","969","894","19","1149"
"zoom","977","994","19","1003"
"subdomain","957","962","19","1041"
"simplexml","983","969","19","1036"
"overflow","958","970","19","1036"
"xampp","976","978","19","1028"
"parallel-processing","970","964","19","1038"
"webparts","971","956","19","1058"
"versioning","961","1095","19","900"
"google-api","973","1096","19","900"
"dotnetnuke","972","1086","19","910"
"source","981","1127","19","861"
"wordpress-theming","980","1105","19","889"
"pattern","964","1049","19","942"
"call","974","1044","19","947"
"itextsharp","963","1067","19","928"
"context","962","1056","19","935"
"ipc","982","1021","19","970"
"try-catch","979","1025","19","961"
"scroll","959","630","19","1749"
"cuda","967","605","19","1814"
"char","975","779","19","1377"
"export","960","743","19","1445"
"column","966","818","19","1283"
"report","997","819","18","1282"
"flash-builder","994","790","18","1353"
"save","990","797","18","1343"
"hashmap","995","829","18","1261"
"mkmapview","992","838","18","1233"
"pdf-generation","987","751","18","1436"
"matplotlib","1017","745","18","1443"
"word","998","769","18","1391"
"ejb","996","764","18","1402"
"ascii","993","1027","18","960"
"blogs","1001","1030","18","957"
"replication","1008","1031","18","956"
"protocols","1007","1004","18","989"
"jframe","986","1050","18","941"
"folder","1004","1114","18","876"
"workflow-foundation","991","1128","18","861"
"eclipse-rcp","1011","953","18","1060"
"nsdate","1003","950","18","1065"
"mingw","1016","965","18","1037"
"relational-database","1010","979","18","1028"
"uitextview","985","984","18","1023"
"ssrs-2008","984","861","18","1196"
"kernel","1009","873","18","1175"
"hardware","1002","900","18","1135"
"posix","988","927","18","1099"
"actionscript-2","1005","914","18","1117"
"pattern-matching","1006","916","18","1112"
"nginx","1000","546","18","2010"
"monotouch","989","508","18","2200"
"ado","1012","1183","18","822"
"jpanel","999","1181","18","824"
"port","1014","1178","18","826"
"viewstate","1013","1198","18","811"
"asp-net-3-5","1015","1152","18","848"
"sql-injection","1018","1162","18","845"
"range","1036","1156","17","846"
"desktop-application","1029","1204","17","803"
"classpath","1020","868","17","1183"
"label","1021","881","17","1168"
"subquery","1019","952","17","1062"
"overlay","1037","941","17","1079"
"order","1028","932","17","1095"
"special-characters","1034","1132","17","858"
"innodb","1023","1108","17","886"
"add-in","1026","1069","17","927"
"pygtk","1035","1053","17","938"
"sum","1033","1062","17","931"
"alignment","1032","1063","17","930"
"asp-net-mvc-routing","1031","1007","17","984"
"return","1024","1024","17","965"
"smarty","1039","1014","17","978"
"while-loops","1022","782","17","1372"
"version","1038","859","17","1200"
"subsonic","1027","856","17","1203"
"screen","1025","857","17","1202"
"jms","1030","796","17","1344"
"wordpress-plugin","1040","788","17","1355"
"paperclip","1049","851","16","1210"
"ip","1048","846","16","1216"
"prolog","1046","767","16","1396"
"microsoft","1053","584","16","1886"
"awk","1065","631","16","1747"
"base64","1044","1001","16","995"
"environment-variables","1042","1018","16","972"
"browser-compatibility","1056","1059","16","933"
"repeater","1068","1041","16","949"
"modal-dialog","1070","1085","16","911"
"oledb","1060","1079","16","914"
"image-manipulation","1059","1098","16","897"
"awt","1058","1092","16","902"
"antlr","1069","1118","16","872"
"moss","1063","1116","16","874"
"web-crawler","1051","1137","16","855"
"automated-tests","1066","951","16","1064"
"log","1064","959","16","1053"
"rewrite","1071","988","16","1019"
"submit","1054","882","16","1167"
"monodevelop","1067","1208","16","801"
"this","1041","1201","16","805"
"printf","1062","1202","16","804"
"web-security","1055","1203","16","803"
"prepared-statement","1061","1196","16","812"
"marshalling","1045","1179","16","825"
"limit","1072","1192","16","815"
"wysiwyg","1057","1185","16","821"
"agile","1043","1188","16","817"
"write","1050","1189","16","817"
"axis2","1052","1144","16","851"
"scheduled-tasks","1047","1147","16","850"
"tomcat6","1093","1148","15","849"
"wxwidgets","1088","1151","15","848"
"push","1076","1164","15","842"
"drupal-modules","1090","1169","15","840"
"draggable","1084","1180","15","825"
"tkinter","1083","879","15","1170"
"animate","1074","921","15","1106"
"wicket","1091","991","15","1006"
"selection","1085","1131","15","859"
"console-application","1087","1103","15","892"
"cxf","1089","1104","15","889"
"computer-vision","1073","1078","15","915"
"toggle","1077","1042","15","947"
"line","1078","1035","15","953"
"localhost","1079","1045","15","945"
"buffer","1082","1013","15","978"
"jersey","1094","1008","15","983"
"height","1080","781","15","1372"
"devexpress","1081","752","15","1433"
"cmd","1075","847","15","1215"
"jstl","1086","832","15","1249"
"width","1092","811","15","1292"
"touch","1108","809","14","1304"
"maps","1100","694","14","1543"
"textview","1096","692","14","1552"
"ggplot2","1113","1005","14","986"
"mpmovieplayercontroller","1095","1043","14","947"
"listener","1104","1080","14","914"
"expression","1112","1122","14","871"
"border","1102","1134","14","856"
"ocaml","1105","1117","14","874"
"fork","1099","1111","14","880"
"delphi-7","1098","1106","14","888"
"httpclient","1103","987","14","1021"
"iis-7-5","1109","915","14","1113"
"cmake","1111","863","14","1192"
"selector","1101","1190","14","817"
"media","1107","1205","14","803"
"passenger","1106","1176","14","830"
"panel","1110","1163","14","845"
"facebook-fql","1097","1143","14","853"
"aop","1118","1149","13","849"
"twisted","1131","1168","13","841"
"locale","1120","1172","13","834"
"admin","1125","1197","13","812"
"django-views","1114","912","13","1119"
"wifi","1121","986","13","1021"
"shared-libraries","1127","980","13","1026"
"blob","1133","1107","13","888"
"three20","1129","1109","13","884"
"element","1132","1121","13","871"
"sdl","1116","1135","13","856"
"solaris","1124","1123","13","866"
"dynamics-crm","1117","1130","13","859"
"mapview","1130","1084","13","911"
"row","1126","1076","13","921"
"teamcity","1122","1052","13","939"
"positioning","1128","1003","13","991"
"position","1123","803","13","1327"
"oracle11g","1115","815","13","1289"
"fancybox","1119","780","13","1376"
"imageview","1138","850","12","1211"
"gem","1139","648","12","1683"
"uiimagepickercontroller","1137","1006","12","984"
"jpa-2-0","1142","1023","12","967"
"release","1143","1036","12","952"
"stylesheet","1134","1068","12","928"
"spinner","1151","1066","12","929"
"ioc-container","1147","1129","12","861"
"z-index","1144","1136","12","855"
"exchange","1148","1139","12","855"
"osgi","1146","976","12","1031"
"ninject","1135","949","12","1071"
"uilabel","1150","943","12","1075"
"database-connection","1140","884","12","1161"
"mediaplayer","1136","892","12","1153"
"mathematica","1152","544","12","2012"
"capistrano","1149","1199","12","809"
"bind","1141","1200","12","809"
"imap","1145","1167","12","841"
"android-market","1154","1191","11","817"
"in-app-purchase","1155","975","11","1031"
"internet","1153","1074","11","924"
"monitoring","1158","1089","11","905"
"mouseevent","1157","1055","11","936"
"debian","1160","1034","11","954"
"xml-parsing","1159","689","11","1567"
"facebook-like","1156","705","11","1514"
"nullpointerexception","1161","834","11","1246"
"yii","1164","799","10","1342"
"build-automation","1163","1016","10","977"
"emulator","1162","1060","10","933"
"links","1166","1090","10","904"
"aptana","1167","1100","10","894"
"zend-form","1165","996","10","1001"
"edittext","1169","893","10","1150"
"redirection","1168","1195","10","813"
"constraints","1177","1206","9","802"
"asihttprequest","1170","1207","9","801"
"byte","1175","998","9","1000"
"websocket","1172","937","9","1084"
"android-manifest","1173","958","9","1054"
"salesforce","1178","1101","9","894"
"amazon","1174","1075","9","923"
"common-lisp","1181","1115","9","875"
"html-lists","1180","1047","9","943"
"http-post","1176","1048","9","942"
"cakephp-1-3","1171","762","9","1403"
"c++11","1179","678","9","1603"
"push-notification","1184","1046","8","945"
"centos","1185","1040","8","950"
"broadcastreceiver","1182","1029","8","959"
"webdriver","1183","1174","8","833"
"plone","1186","1150","8","849"
"redis","1189","961","7","1043"
"symfony-1-4","1188","945","7","1074"
"phonegap","1187","322","7","3426"
"devise","1194","494","6","2259"
"iphone-sdk-4-0","1192","156","6","6885"
"titanium","1191","944","6","1074"
"rvm","1190","995","6","1003"
"mongoid","1193","923","6","1105"
"android-asynctask","1196","860","5","1197"
"android-layout","1197","184","5","6169"
"like","1195","1158","5","846"
"primefaces","1200","778","4","1378"
"sql-server-2008-r2","1198","933","4","1094"
"storyboard","1199","1120","4","872"
"ios4","1202","302","3","3649"
"raphael","1201","1159","3","846"
"symfony-2-0","1203","506","2","2208"
"internet-explorer-9","1204","756","2","1421"
"android-listview","1205","810","2","1298"
"drupal-7","1208","637","1","1725"
"playframework","1209","589","1","1879"
"coffeescript","1207","895","1","1145"
"flash-cs5","1206","1173","1","834"